Tim Burton;director;
James Marshall;director;
Gandja Monteiro;director;  
Charles Addams;writer;
Alfred Gough;writer;
Miles Millar;writer;
Kayla Alpert;writer;
April Blair;writer;
Matt Lambert;writer; 
Jenna Ortega;actor;
Gwendoline Christie;actor;
Riki Lindhome;actor;
Jamie McShane;actor;
Hunter Doohan;actor; 
Percy Hynes White;actor;
Emma Myers;actor;
Joy Sunday;actor;
Georgie Farmer;actor;
Naomi J. Ogawa;actor;
Christina Ricci;actor;
Johnna Dias-Watson;actor;
Oliver Watson;actor;
Victor Dorobantu;actor;
Moosa Mostafa;actor;
Luyanda Unati Lewis-Nyawo;actor;
Daniel Himschoot;actor;
Iman Marson;actor;
Calum Ross;actor;
Cezar Grumazescu;actor;
George Burcea;actor;
Morgan Beale;actor;
Islam Bouakkaz;actor;
Tommie Earl Jenkins;actor;
Catherine Zeta-Jones;actor;
Luis Guzmán;actor;
Isaac Ordonez;actor;
William Houston;actor;
Karina Varadi;actor;
Rina Mahoney;actor;
Georgia Goodman;actor;
Murray McArthur;actor;
Fred Armisen;actor;
Olimpia Malai;actor;
Nitin Ganatra;actor;
Lucius Hoyos;actor;
Max Pemberton;actor;
Cheherezade Valentine Okotaka Ebale;actor;
Oliver Wickham;actor;
James Clay;actor;
Ismail Kesu;actor;
Edward Kennedy;actor;
Caroline Lawrie;actor;
Lachele Carl;actor;
Gwen Jones;actor;
Lisa O'Hare;actor;
Sophia Nomvete;actor;
Ichirô Yûki;actor;
Amanda Drew;actor;
Ryan Ellsworth;actor;
Gloria Garcia;actor;
Gracy Goldman;actor;
Lewis Hayes;actor;
Philip Rosch;actor;
Horia Bazavan;actor;
Chloe Cate;actor;
Simon Furness;actor;
Kayla Alpert;executive producer;
Gail Berman;executive producer;
Tim Burton;executive producer;
Jonathan Glickman;executive producer;
Carla González Vargas;co-executive producer;
Alfred Gough;executive producer;
Tommy Harper;executive producer;
Nick Iannelli;co-producer;
Kevin Lafferty;executive producer;
Miles Millar;executive producer;
David Minkowski;co-executive producer;
Kevin Miserocchi;executive producer;
Andrew Mittman;executive producer;
Carmen Pepelea;producer;
Steve Stark;executive producer;
Natalie Testa;associate producer;
Todd Williams;co-executive producer;
Chris Bacon;musician;
Danny Elfman;musician;
David Lanzenberg;cinematographer;
Stephan Pehrsson;cinematographer;
Jay Prychidny;film editor;
Ana Yavarifilm editor;
Paul G. Dayfilm editor;
Florina Fernandes;cast selector;
Sophie Holland;cast selector;
John Papsidera;cast selector;
Mark Scruton;production designer;
Adrian Curelea;supervising art director;
Ghinea Diana;art director;
Silvia Nancu;art director;
Andrei-Florian Popa;assistant art director / additional standby art director;
Serban Porupca;senior art director;
Vlad Roseanu;on-set art director / art director;
Roxana Alexandru;art director;
Carmen Ratoi;art director;
Laurentiu Zarnoianu;set decorater;
Rob Hepburn;set decorater;
David Morison;set decorater;
Colleen Atwood;costume designer;
Bianca Boeroiu;makeup artist;
Catalin Ciutu;hair stylist supervisor: crowd;
Natalie L Costello;special makeup effects artist;
Julian Hutcheson;special makeup effects artist;
Nirvana Jalalvand;hair & makeup artist: main team;
Grace McComisky;prosthetic artist / prosthetic makeup artist;
Tara McDonald;hair & makeup designer;
Dominic Mombrun;dental effects designer & fabricator;
Pepe Mora;special makeup effects artist;
Angela Ruiz Morales;prosthetics artist;
Paraschiv Oana;makeup artist;
Alexandru Sassu;assistant makeup artist;
Bas Schwarz;special effects makeup artist: mouldmaker & props;
Rubén Serra;special makeup effects artist;
Margo Stefan;hair stylist;
Viktoria Stieber;prosthetic makeup artist;
Sinead Sweeney;SFX contact lens coordinator;
Iuliana Temelie;hair stylist;
Clara Tudose;hair & makeup artist;
Raquel Álvarez;prosthetic makeup sculptor; 
Ripley Dale-Gulston;junior hair & makeup artist;
Freda Ellis;makeup supervisor;
Olimpia Stoicea;hair & makeup artist: main team;
Susan Cole;personal hair stylist: Luis Guzman;
Tia Costell;junior hair & makeup artist;
Jean Carlos de Blas;key hair & makeup artist;
Sheherezada Kouchaki;makeup artist;
Raluca Moldoveanu;makeup artist;
Nicoleta Toade;hair stylist: cast;
Gabriella Havens;makeup artist;
Andrea Dardea Tesdall;special makeup effects artist;
Natalie Fox;additional hair & makeup artist;
Niki De Jong;prosthetic makeup artist;
Ionel Popa;special makeup effects artist;
Athina Sapanidis;prosthethic makeup artist;
Elena Tudor;hair stylist;
Tristan Versluis;prosthetic designer;
Razvan Badea;unit production manager / production manager;
Irene Iovan Calangiu;health & safety unit production manager: covid;
Alexandru Cseh;production manager: second unit;
Emma Mallett;unit production manager: additional photography;
Alexandru Acsinte;assistant director;
Emilie Balusson;second second assistant director / co-second assistant director / third assistant director;
Bianca Bumbacea;assistant director;
Simona Dinu;second assistant director;
Mariana Grama;crowd second assistant director;
Mircea Hategan;first assistant director;
Stefania Ispas;trainee assistant director;
Loyzo;third assistant director;
Raphael Tudor;third assistant director;
Costin Sforaru;assistant director;
Sabina Balan;crowd first assistant director;
Brett Chan;second unit director;
Ada Dumitru;cast assistant;
Emyr Glyn Rees;second assistant director / first assistant director;
Jessica Kirec;second assistant director;
George Walker;first assistant director;
Mihaela Ionita;second assistant director;
Richard O'Brien-Moran;first assistant director;
Alexandru Trandafira;crowd assistant director;
Alexandra Popa;crowd second assistant director;
Sucioaia Alexandra;set dressing painter;
Tache Alexandru;graphic designer;
Corneliu Mihai Bonciu;sculptor;
Rachel Garlick;storyboard artist;
Florin Gavrila;lead set dressing painter;
Adi Handac;property master;
Dana Ilie;art department manager;
Alexandru Titus Ipate;action vehicles supervisor;
Simona Maican;art department coordinator;
Cristian Mihaila;assistant set decorator / set decoration buyer;
Cosmin Miroiu;head of greenery;
Amalia Mititelu;set dressing painter;
Pietro Nume;concept artist;
Iulia Petrescu;assistant set decorator;
Madalina Ripanu;clearance coordinator;
Geaniloni Sandru;lead painter;
Eusebiu Sirbu;head graphic designer;
Cristina Stefan;graphic designer;
Alexandra Tudor;assistant art director;
Laurentiu Zarnoianu;leadman;
Liviu Antonescu;graphic designer;
Madalina Ciosu;set designer;
Tudor Iordachescu;set designer;
Anca Iscru;set designer;
Ana Neag;assistant art director;
Iulia Pasarica;assistant art director;
Andreea Siminea;set designer;
Amy Lockwood;assistant set decorator;
Andrew Cherry;storyboard artist;
Cristian Darstar;storyboard artist;
Adrian Curelea;supervising art director;
Serban Porupca;senior art director;
Radu Costache;assistant property master;
Jennifer Keen;first set decoration buyer;
Karen Krizanovich;production design researcher;
Ben Livingstone;illustrator;
Yohann Angelvy;french casting mixer;
Michael Baskerville;re-recording mixer;
Nicolae Comarzan;sound mixer: second unit;
Tony Diaz;adr mixer;
Arturo A. Fuenmayor;re-recording mix assistant / additional re-recording mixer;
Alastair Gray;dialogue editor;
Justin Helle;foley mixer;
John Loranger;supervising sound editor;
Liviu Lupsa;sound mixer;
Kristi McIntyre;adr editor / sound effects editor;
Sean Miller;adr recordist;
Faustine Pelipel;assistant sound editor;
Dan Sexton;sound effects editor;
Alex Stylianou;adr recordist;
Jamie Sulek;re-recording mixer;
Mike Tehrani;adr mixer;
Marcus Byrne;adr mixer;
Greg Crawford;adr mixer;
Juan Martin Del Campo;adr mixer;
Tim McKeever;adr mixer;
Simon Diggins;adr mixer;
Jonathan Gomez;adr mixer;
Leslie Liu;adr mixer;
Mihnea Bogos;boom operator;
Nathan Jackson;foley editor;
William Kellerman;foley artist;
Gabriel Marin;boom operator;
Ana Quiroga;audio coordinator;
Dan Barcutean;special effects technician;
Florin Stoian;special effects technician;
Harry Troughton;special effects coordinator;
Jason Troughton;special effects supervisor;
Max Costello;special effects technician;
Adrian Nica;lead technician;
Yovko Dogandjiiski;special effects supervisor;
Antonia Tocheva;special effects office coordinator;
Ilinca Angelescu;special effects makeup;
Matthew Adams;digital compositor: Ghost VFX Toronto;
Oana Bardan;visual effects coordinator;
Craig Calvert;visual effects supervisor: Mr. X;
Kevin Chandoo;head of studio: Ghost VFX Toronto;
Nick Colangelo;visual effects producer: Mr. X;
John Coldrick;visual effects supervisor: Rocket Science VFX;
Sam Cole;lighting lead: Mr. X;
Chris Cooper;cg supervisor: Mr. X;
Roger Dalupang;lead render wrangler/pipeline td;
Swedyl DSouza;visual effects production manager;
Maxime Ducharme;visual effects artist: MELS;
Paula Fanaia;digital compositor: Ghost VFX Toronto;
Mariah Fleetham;visual effects production assistant: Take 5 VFX;
Kathryn Foster;visual effects editor: Ghost VFX Toronto;
Ben Funk;lead compositor: Take 5 VFX; 
Keith Goh;visual effects assistant editor: MPC;
Kari-Lyn Gravel;visual effects associate line producer: Stereo D;
Jon Howard;visual effects producer: Ghost VFX Toronto;
Kent Johnson;visual effects producer;
Anna Joukova;compositor: Take 5 VFX / visual effects compositor: Take 5 VFX;
Jesse Kawzenuk;on-set visual effects supervisor;
Grant Lee;visual effects supervisor: Stereo D;
Jake Lunt Davies;concept design;
Dumitrana Teodora Lupu;visual effects production assistant;
Amy Madigan;visual effects production manager: Stereo D;
Yael Majors;visual effects assistant supervisor: Stereo D;
Mariano Mendoza;assets lead: Mr. X;
Guillermo Molina;lead tools developer;
Skye Morandin;visual effects production manager: Stereo D;
Tom Nagy;animation supervisor: Mr. X;
Ken Nielsen;compositing supervisor: Ghost VFX Toronto;
Razvan Nineaca;data wrangler;
Anthony O'Connell;Render Wrangler;
Catalin Otelea;data wrangler;
Matei Ovejan;data wrangler;
Alessandro Pantanella;visual effects supervisor: Ghost VFX Toronto;
Travis Pond;compositor: Take 5 VFX;
Yawar Raja;layout lead: Mr. X;
Aravindan Rajasingham;Head of Build Department;
Aditya Sawant;visual effects coordinator: Ghost VFX Toronto;
Matt Schofield;vfx head of operations;
Ksenia Shutova;compositor: Take 5 VFX;
Mark Simone;visual effects producer: Stereo D;
Denis St-Pierre;compositor: Take 5 VFX;
Ryan Terk;Senior Visual Effects Coordinator / visual effects coordinator: MELS;
Jason Teske;rigging lead: Mr. X;
Tom Turnbull;visual effects supervisor;
Fabián Varela;visual effects producer: Ghost VFX Toronto;
Kelly Weisz;visual effects studio manager: Take 5 VFX;
Angela Zhang;visual effects production manager: Mr. X;
Kayden Anderson;visual effects producer: Rocket Science VFX;
Eddie Englander;visual effects supervisor: Monsters Aliens Robots Zombies;
Timothy Mah;visual effects editor: Rocket Science VFX;
Michael Osuszek;visual effects coordinator: Rocket Science VFX;
Rodrigo Paiva;compositing lead: Monsters Aliens Robots Zombies;
Suresh Pandi;lead compositor: Rocket Science VFX / compositor: Rocket Science VFX;
Francois Robert;matchmove/layout artist: MELS;
Adam Smith;lead compositor: Rocket Science VFX;
Sarvesh Amre;visual effects production manager: NetFX Mumbai;
Benoît Brière;visual effects supervisor: MELS;
Paul Chambers;assets supervisor: Monsters Aliens Robots Zombies;
Dipak Gaur;digital compositor: Ghost VFX Toronto;
Rashid Khallouk;compositing lead: Mr. X;
Baz Lanaris;cg supervisor: MELS;
Erin Nicholson;cg supervisor: Ghost VFX Toronto;
Lynx Zuo;digital compositor: Ghost VFX Toronto;
Taraknath Ghosh;paint artist: Stereo D;
Tanya Haddad;visual effects producer: Folks VFX;
Brodie McNeill;visual effects supervisor: Folks VFX;
Prateek Mishra;paint artist: Stereo D;
Manish Rohith;compositing artist: Monsters Aliens Robots Zombies;
Luca Gabriele Rossetti;digital matte painter/environment supervisor: Monsters Aliens Robots Zombies;
Bikram Singh;paint artist: Stereo D;
Khushroo Surveyor;visual effects lighter: Rocket Science VFX;
Salil Thapa;visual effects line producer: NetFX Mumbai;
Wesley While;compositor: Take 5 VFX;
Kaylie Whitcher;visual effects producer: Folks VFX;
Sarah Wormsbecher;visual effects executive producer: Folks VFX;
Ramesh Kumar Yanagandhula;paint artist: Stereo D;
Summer Zong;cg supervisor: Folks VFX;
David Dionne;visual effects artist: MELS;
Patti Gannon;compositor: Take 5 VFX;
James Takashi Higuchi;lighting supervisor: Monsters Aliens Robots Zombies;
JoAnna Johnson;compositor: Rocket Science VFX;
Luca Lim Diniz;visual effects artist: MELS;
Dinaaz Mathur;visual effects production coordinator: NetFX Mumbai;
Ben McDougal;surfacing lead: Monsters Aliens Robots Zombies;
Sumit Mukherjee;paint supervisor: NetFX Mumbai;
Isha Nigam;head of production: NetFX Mumbai;
Tabata Ortiz;visual effects artist: MELS;
Nishant Patel;visual effects lighter: Rocket Science VFX;
Umapathy Rajarathinam;compositor: Rocket Science VFX;
Genesis Rivas;compositor: Take 5 VFX;
Gustavo Sanchez-Perez;fx supervisor: Monsters Aliens Robots Zombies;
Kyle Sim;head of 2d: Folks VFX;
François Trudel;visual effects artist: MELS / visual effects supervisor: MELS;
Pankaj Umbarkar;junior paint lead: NetFX Mumbai;
Oksana Andrulis;visual effects production manager: Folks VFX / animation coordinator: Folks VFX;
Ajay Kumar Attinti;roto lead: NetFX Mumbai;
Amod Diwakar;assistant visual effects line producer: Stereo D / visual effects assistant line producer: Stereo D;
Josh George;fx lead: Folks VFX;
Jonathan Grégoire;visual effects artist: MELS;
Cory Humes;animation supervisor: Folks VFX;
Christopher Jude;compositor: Rocket Science VFX;
José Lasa;compositor: Rocket Science VFX / visual effects lighter: Rocket Science VFX;
Marco Lee;compositing supervisor: Folks VFX;
Oleg Memukhin;fx supervisor: Folks VFX;
Waseem Mohammed;head of central production: Monsters Aliens Robots Zombies;
Ryan Jae Wook Park;layout supervisor: Folks VFX;
Nisarg Suthar;lighting supervisor: Folks VFX;
Nitesh Sutrave;compositing supervisor: NetFX Mumbai;
Sahil Agrahari;junior paint artist: NetFX Mumbai;
Chris Archinet;visual effects artist: MELS;
Edwin Arismendez;visual effects artist: MELS;
Jessica Bayliss;head of production: Monsters Aliens Robots Zombies;
Samuel Boisvert;visual effects artist: MELS;
Jordan Boulais;visual effects artist: MELS;
Reine Bourgault;visual effects artist: MELS;
J. Alan Bradshaw;head of cg: Monsters Aliens Robots Zombies;
Alex Bronfman;sales lead: Monsters Aliens Robots Zombies;
Jonathan Bronfman;head of studio: Monsters Aliens Robots Zombies;
Aakash Chaudhari;roto artist: NetFX Mumbai;
Dave David;animation artist: Monsters Aliens Robots Zombies;
Nadine Frève;lead visual effects editor: Folks VFX / visual effects editor: Folks VFX;
Mark Goldberg;compositor;
Yash Gowda;head of 2d: Monsters Aliens Robots Zombies;
Leonardo Andres Grabau Villalba;visual effects artist: MELS;
Jeanne Hebert;visual effects artist: MELS;
Pravin Hodage;2d supervisor: NetFX Mumbai;
Curtis Hsiung;animator: Rocket Science VFX;
Siddarth Jambhulkar;compositor: Rocket Science VFX;
Juyong Jeon;visual effects artist;
Mukesh Joshi;senior i/o coordinator: NetFX Mumbai;
Min Kim;compositing supervisor: Folks VFX;
Simon Lecavalier;cg supervisor: MELS;
Christophe Longtin;visual effects artist: MELS;
Jim Maxwell;matte painter: Take 5 VFX;
Kristine Middlemiss;head of technology: Monsters Aliens Robots Zombies;
Ali Mio;visual effects producer: Rocket Science VFX;
Lon Molnar;head of studio: Monsters Aliens Robots Zombies;
Jose Ignacio Narváez Monroy;compositing lead: Mr. X;
Daksh Pandya;visual effects artist;
Dany Richard;visual effects artist: MELS;
Casey Sincic;visual effects producer: Monsters Aliens Robots Zombies;
Sarvesh Talekar;roto artist: NetFX Mumbai;
Himani Tyagi;junior paint artist: NetFX Mumbai;
Susana Vasquez;visual effects production coordinator: Take 5 VFX;
Alphonso Young;matte painter: Take 5 VFX;
Nao Adachi;compositor;
Waseem Ahmad Khan;paint artist: Stereo D;
Rodrigo Albano;environment artist: Monsters Aliens Robots Zombies;
Don Carlo Alvir;animation artist: Monsters Aliens Robots Zombies;
Leanndro Amorim;compositing artist: Monsters Aliens Robots Zombies;
Seshadri Anand;tracking/layout lead: Monsters Aliens Robots Zombies;
Blake Anderson;visual effects supervisor: VFX Legion;
Schuyler Anderson;tracking/layout lead: Monsters Aliens Robots Zombies;
Sudhakar Bhavanasi;deputy manager: Stereo D;
Alan Bisht;compositing artist: NetFX Mumbai;
William Blanchette;visual effects artist: MELS;
Peter Braeley;digital matte painter: Folks VFX;
Charlotte Breton;visual effects editor: Folks VFX;
Dennis Chan;animation artist: Monsters Aliens Robots Zombies;
Hardik Chauhan;senior compositing artist: NetFX Mumbai;
Molly Chen;assets artist: Monsters Aliens Robots Zombies;
Sujesh V. Chitty;concept artist: Folks VFX;
Nolan Conrad;digital compositor: VFX Legion;
Andrés Couturier;graphic artist: VFX Legion;
Madhu Dasyapu;assistant roto supervisor: Stereo D;
Rodrigo de Angelis;fx artist: Monsters Aliens Robots Zombies;
Sofia Diaz;lighting artist: Monsters Aliens Robots Zombies;
Maya Dumont-Deslandes;visual effects studio manager: MELS;
Abdullah Ecirli;compositing artist: Monsters Aliens Robots Zombies;
Manoj Kumar Elangovan;tracking & layout artist: Monsters Aliens Robots Zombies;
Michael Enzbrunner;animation lead: Monsters Aliens Robots Zombies;
Timothy Fleur;creature artist: Monsters Aliens Robots Zombies;
Clémentine Flicker;matte-painter;
Adam Fok;rigging lead: Monsters Aliens Robots Zombies;
Gil Franco;assets artist: Monsters Aliens Robots Zombies;
Emily Funk;assets artist: Monsters Aliens Robots Zombies;
Antonio Gallardo;visual effects producer: VFX Legion;
Gregory Galliani;modeling lead: Monsters Aliens Robots Zombies;
Igor Garanovschii;matte painter: Rocket Science VFX;
Kunal Ghai;paint artist: Stereo D;
Rakan Ghresi;fx artist: Monsters Aliens Robots Zombies;
Jimmy Gill;animation artist: Monsters Aliens Robots Zombies;
Jameer Haider;paint artist: NetFX Mumbai;
Lewis Hawkes;rigging lead: Monsters Aliens Robots Zombies;
Jim Hillin;visual effects lighter, Ghost VFX, Toronto;
Chen Kuang Hsu;tracking & layout artist: Monsters Aliens Robots Zombies;
Salvatore Iamonte;rigging artist: Monsters Aliens Robots Zombies;
Pragati Jana;paint artist: Stereo D;
Kenny Jia;digital matte painter lead: Monsters Aliens Robots Zombies;
Laszlo Kalbache;asset artist: Rocket Science VFX;
Ashraf Karim;senior compositing artist: NetFX Mumbai;
Sharad Kate;paint artist: Stereo D;
Jamie Knoop;visual effects production assistant: Stereo D;
Ashwini Lad;visual effects administrator: Stereo D;
Nadege Lagueux-Beloin;visual effects artist: MELS;
Tukaram Landbale;roto artist: NetFX Mumbai;
Dany Lebrasseur;visual effects artist: MELS;
Kate T.C. Lin;digital compositor: VFX Legion;
Matthias Lowry;digital compositor: VFX Legion;
Jimmy Lue;visual effects coordinator: Folks VFX;
Franklin Mascarenhas;head of production: Stereo D;
Jay Mehta;paint artist: NetFX Mumbai;
Guto Miranda;compositing artist: Monsters Aliens Robots Zombies;
Vashishta Mohit;compositing artist: NetFX Mumbai;
Marc Falgàs Molinas;visual effects artist;
Atyeb Muneer;compositing artist: Monsters Aliens Robots Zombies;
Ganesh Ramdas Nalle;senior roto artist: NetFX Mumbai;
Michael Naphan;layout artist: Rocket Science VFX;
Marla Oriol;lighting artist: Monsters Aliens Robots Zombies;
R. Parthasarathy;visual effects head of production: Stereo D;
Niki Patterson;data technician: Stereo D;
Aravind Pauldurai;compositing artist: Monsters Aliens Robots Zombies;
Victor Perez;animation artist: Monsters Aliens Robots Zombies;
Navin Pinto;rigging artist: Monsters Aliens Robots Zombies;
Norman Ran;fx lead: Rocket Science VFX;
Parastu Rezaie;lighting lead: Monsters Aliens Robots Zombies;
Jean-Christophe Rodier;rigging artist: Monsters Aliens Robots Zombies;
Dmitry Ryabchuk;environment lead: Monsters Aliens Robots Zombies;
Maryam Salehi;i/o: MELS;
Rajvinder Sandhu;lighting artist: Monsters Aliens Robots Zombies;
Eric Sanford;creature lead: Monsters Aliens Robots Zombies;
Rohan Sapkal;junior roto artist: NetFX Mumbai;
Alexandre Savard-Boisvert;digital compositor;
Rebecca Schmidt;visual effects coordinator;
Mark Schreiber;animator;
Aryan Sehgal;utility compositor;
Ronak Shah;fx lead: Monsters Aliens Robots Zombies;
Neelima Sharma;compositor: NetFX Mumbai;
Sachin Suryabhan Shirsath;matte painter;
Vishal Shitole;i/o coordinator: NetFX Mumbai;
Lovelesh Singh;compositing artist: NetFX Mumbai;
Kalpana Mahapatro Siromani;art director & mattepainting lead;
Joseph Soloway;visual effects coordinator: VFX Legion;
Meredith Sproul;show coordinator: Monsters Aliens Robots Zombies;
Brian Sziklasi;tracking and layout artist: Mr. X/MPC;
Danny Testani;animation artist: Monsters Aliens Robots Zombies;
Ali Thaheem;creature artist: Monsters Aliens Robots Zombies;
Hyacinthe Thomas;i/o: MELS;
Phillip Thomas;animation artist: Monsters Aliens Robots Zombies;
Marcus Vinicius;i/o: MELS;
Louis Vottero;rigging lead: Monsters Aliens Robots Zombies;
Tina Vuu;visual effects coordinator: VFX Legion;
Tanja Wax;fx artist: Rocket Science VFX;
Christina Wise;head of studio: MELS;
Jill Wu;digital matte painter: Monsters Aliens Robots Zombies;
Refo Yovarda;visual effects production assistant: Stereo D;
Virpalsinh Zala;compositing artist: Monsters Aliens Robots Zombies;
Abin Abraham;assets lead: MPC;
Adrian Bobb;creature artist;
Eddie Bonin;visual effects executive: Netflix;
Rémi Bruschini;pipeline td;
Binod Kumar Das;asset supervisor: MPC;
Tiago Foa;imaging engineer: Mr. X;
Jaime Fok;visual effects editorial lead;
J.P. Giamos;head of production: Rocket Science VFX;
Martin Hesselink;Animation Supervisor;
Rushikesh Chandrashekhar Kamble;3d digital matte painter;
Daniel May;visual effects art direction;
Rachad Meya;lighting supervisor;
Shoupal Panda;texture & lookdev artist;
Josephin Peichl;visual effects coordinator: Netflix;
Rakesh;3d digital matte painter lead;
Kim Rampaul;visual effects coordinator: Netflix;
Seema Schere;matte painter: Monsters Aliens Robots Zombies;
Surajit Senapati;3d artist;
Satyendra Sharma;compositor: MPC;
Prathamesh Ashok Waykole;asset artist: MPC;
Dean Wright;visual effects executive: MGM Television;
Saha Saikat;texturing & lookdev artist;
Dylan Botnarenko;digital matte painter: MPC;
Arjun Jasmeet Chawla;digital compositor: MPC;
Dennis Tae Wook Kim;digital compositor;
Solyi Ha;compositor: Folks VFX;
Caylee Han;compositor: Folks VFX;
Christopher Lee Zammit;concept artist;
Felipe Baldo;lighting artist: Folks VFX;
Hoss Ghaith;cg supervisor;
Prashant Jain;3d digital matte painter;
Giuseppe Motta;creature supervisor;
Ilija Sazdovski;layout artist;
Christa Tazzeo;visual effects executive producer;: Rocket Science VFX;
Krista Wettlaufer;digital artist;
Marc-Antoine Blais;digital compositor;
Adrien Francomme;digital compositor;
Eduardo Gonçalves;digital compositor: Monsters Aliens Robots Zombies;
Alexander Greenberg;senior compositor: Monsters Aliens Robots Zombies;
Hossein Karamian;compositor: Monsters Aliens Robots Zombies;
Chokkarapu Sai Pradeep;visual effects lighting artist;
Pedro Roloff;digital compositor;
Jason Schick;digital compositor;
Sekh Batul Ali;visual effects artist;
Saikat Biswas;assets modeling;
Luca Buonopane;key groom artist: MPC;
Julian Fadalti;layout artist;
Nitin Garg;senior lookdev artist: Folks VFX;
Avinash Kodali;lighting artist;
Genevieve Morneau;digital compositor: MELS;
Alex Park;matchmove artist: Folks VFX;
Evan Roberts;lighting artist;
Pavankumar Sagiraju;lighting artist;
Saikat Saha;texturing & lookdev artist;
Chris Sanchez;digital matte painter: Method Studios;
Yulia Segura;compositor: Folks VFX;
Amarjit Singha;3d artist;
Barde Sravan;visual effects artist: MPC;
Shando Uruvath;visual effects editor: Monsters Aliens Robots Zombies;
Brett Chan;stunt coordinator;
Ionut Cotruta;stunt rigger;
Jason Ng;assistant stunt coordinator / cover stunt coordinator;
Jenny Umbhau;stunt double: Jenna Ortega;
Fanel Ursu;stunt rigger;
Andrei Vintileanu;stunt rigger;
Daniel Visan;stunts;
Kinga Kives;stunt performer;
Nailah Johnson;stunt double: Joy Sunday / stunt performer;
Kaanchana Kerr;stunt performer;
Alexandre Lopoka;stunt double: Tommie Earl Jenkins;
Milena Brewster;stunt double: Johnna Dias-Watson;
Maxime Coulon;stunt double: Calum Ross;
Gabrielle Anne Desy;stunt double: Emma Myers;
Victoria Goodman;stunt performer;
Tom Hatt;stunt driver: additional photography;
Daniel Himschoot;stunt double: Percy White;
Matt Kennedy;stunt performer;
Jason Li;stunt performer;
Carly Michaels;stunt driver: additional photography;
Darlene Pineda;stunt performer;
Lee Sheward;stunt coordinator: additional photography;
Phedra Syndelle;stunt double: Joy Sunday;
Alexandra Vilcsek;stunt performerSeries Camera and Electrical Department;
Donát Bánkuti;digital imaging technician: second unit;
Vlad Cioplea;still photographer;
David Dorohoianu;second photography assistant / second assistant photography;
Omar Dughouz;second assistant camera: "a" camera;
Dániel Farkas;digital imaging technician;
Robert Fenichiu;electrician / lighting technician;
Cristi Fratoaica;second assistant camera: second unit;
Toni Ilinca;video operator;
Ochiana Ionut;video assist operator;
Andrei Karastanef;second assistant camera: "a" camera;
Brad Larner;first assistant camera: "a" camera;
Tudor Lucaciu;director of photography: second unit;
Radu Marinescu;key grip;
Florin Mihalache;gaffer;
Mihai Adrian Olteanu;best boy electric;
Ion Palcau;best boy electric;
Andrei Petrescu;electrician;
Liviu Pojoni Jr.;camera operator: "b" camera;
Florin Sora;electrician;
Florea Andrei Stefan;dimmerboard operator/lighting console programmer;
Viorel Stefan;crane operator;
Adelina Vancea;camera trainee;
Petre Victor;camera operator: "b" camera;
Rob Arrowsmith;camera operator: "a" camera/steadicam operator, main unit;
Andrei Cretan;first assistant camera: "b" camera;
Fabrizio Sciarra;camera operator: "a" camera/steadicam operator, main unit;
Boroka Biro;director of photography: epk;
Valdas Gulbinauskas;video assistant: additional photography;
Dmitry Krushnitski;camera operator;
Matei Popa;second assistant camera: second unit;
Aurelian Radu;grip;
Alexandru Bogdan Stefan;crane technician;
Balázs Várszegi;data management technician;
Sándor Árkus;data management technician;
Barney Batchelor;first assistant camera: UK;
Cornel Biciu;underwater gaffer;
Neil Bradley;ronin 2 technician: additional photography;
Mielu Moldoveanu Constantin;first assistant camera/additional focus puller;
Alexandru Durac;camera operator: "a" camera/steadicam operator;
Sarbu Gigi;key grip: second unit;
Ben Parish;underwater assistant camera;
Cristian Sbirciog;electrician;
Ian Seabrook;underwater director of photography;
Constantin Stan;second unit;
Fabian Wagner;director of photography: London;
Calum Weir;Digital Imaging Technician: London;
Jens Winkler;underwater assistant camera;
Catalin Popa;photography assistant;
Peter Driscoll;key animator;
Joshua Melnik;animation artist: Monsters Aliens Robots Zombies;
Whitney Strouth;animator;Series Casting Department;
Emily Bohbrink;casting associate;
Sinéad Donnelly;casting assistant: Jenna Ortega;
Radu Dragoi;casting assistant;
Frankie Fearis;casting assistant;
Olissa Rogers;casting associate: Jenna Ortega;
Chandra Ruegg;casting associate;
Fiona Weir;casting: Jenna Ortega;
Sarah Wilson;casting associate;
Maddalena Zuppetta;casting assistant;
George Ludlow;casting associate;
Ioana Albaiu;wardrobe supervisor;
Madalina Anton;breakdown artist;
Mattia Bionda;principal costume cutter;
Mariana Bujoi;costumer;
Maria Ciucanu;wardrobe mistress;
Ylenia Comerci;principal seamstress;
Lavinia Dedu;set costumer;
Constantinescu Denisa;wardrobe assistant;
Andreea Dinu;principal standby;
Maria Endara;senior costume maker;
Cristina Ghergheli;set costumer;
Megan Howell;senior costume maker;
Daniela Ilin;set costumer;
Benjamin Ip;costume concept artist;
Ana Lazar;wardrobe assistant;
Paula Lazaroni;breackdown artist;
Twan Lentjes;principal costume maker;
Ioana Mihailescu;wardrobe assistant / crowd standby costumer / crowd stand-by costumer;
Alessio O'Driscoll;principle costume cutter;
Ioana Somanescu;principal standby;
Bobby Soutar;assistant costume designer;
Mark Sutherland;costume co-designer;
Beth Tilley;senior costume maker;
Jess Willcock-Stow;junior assistant costume designer / junior assistant costume designer;
Elizabeta Zainea;wardrobe assistant;
Marta Airoli;principal seamstress;
Ian Frazer Wallace;principle cutter;
Adina Bucur;costume supervisor;
Claudia Littlefield;costume supervisor;
Alina Caprian;additional costumer;
Poppy Lees;junior costume maker;
Madison D'Urbano;post-production assistant: Marc Graue Recording Studios;
Bogdan Geambasu;dailies operator;
Katherine Hul;post production supervisor;
Razvan Ilinca;assistant editor;
Tom Mayclim;data manager: Company 3;
Ian Passy;Color Assistant;
Sebastian Plamadeala;dailies supervisor;
Carmen Rizac;dailies coordinator;
Alexandru Stoica;dailies operator;
Ian Sullivan;finishing accountant;
Lavinia Terletchi;assistant editor;
Viktorija Tupikaite;data i/o operator;
Motassem Younes;on-line editor;
Joanne Rourke;senior colorist;
Galina Chakarova;first assistant editor;
Mihai Cosmin Popa;first assistant editor;
Paul G. Day;additional editor;
Siggy Ferstl;senior colorist;
Cristi Dogaru;assistant location manager;
Calin Hagima;location manager;
Tracey Savein;location scout;
Alex Molea;supervising location manager;
Mircea Paraschiv;location manager;
Florin Patrascu;assistant location manager;
Erin Dapper;assistant location manager: additional photography;
Paul Giordani;location manager: additional photography;
Chris Bacon;composer: additional music;
Sarah Chapeck;music coordinator;
Norbert Elek;music preparation;
Danny Elfman;theme music composer;
Peter Kohrman;technical score engineer;
Jen Malone;music supervisor;
Mandy Mamlet;music executive;
Ölveti Mátyás;cello solos by;
Michael T. Ryan;music editor;
Bálint Sapszon;contractor; for Budapest Scoring;
Viktor Szabó;recording engineer;
Nicole Weisberg;music supervisor;
Shachar Boussani;score mix assistant;
Robert Litton;orchestrator;
Noah Scot Snyder;music scoring mixer;
Esin Aydingoz;arranger;
Hemanth965;orchestrator: theme melody;
Steve Bartek;orchestrator;
Bence Bobák;score engineer;
David G. Russell;conforming;
Greg Hayes;music scoring mixer;
Bri Holland;singer;
Alfredo Pasquel;score mix assistant;
Cristina Bîlea;assistant script supervisor;
Monica Tatu;script supervisor;
Daniel Sipocz;service driver;
Pal Szilárd Levente;unit driver; 
Priscila Amescua-Mendez;Support to co executive producer;
Dogaru Silviu Andrei;unit production assistant / unit set assistant;
Aaron Becker;main title design;
Gergo Benkoczy;dog trainer;
Dascalu Bogdan;unit production assistant;
Teo Bostanica;unit manager;
Alexandra Cranga;petty cash accountant;
Razvana Cristescu;first assistant accountant;
Claudia Dediu;producer's assistant;
Penny Dyer;dialect coach;
Bryan Foster;physical production coordinator;
Zoltan Horkai;head animal trainer;
Ana Ineni;production secretary;
Emanuel Gabriel Ion;testing coordinator assistant;
Gavriloaia Irina;assistant contracts coordinator;
Peter Ivanyi;head animal trainer;
Austin Kircher;post-production accountant;
Christopher Landry;epk host;
Nelson Moses Lassiter;production administration assistant;
Ioana Macarie;choreographer;
Cosmin Manea;payroll accountant;
Elle McAlpine;intimacy coordinator;
Troy James Miller;titles producer: Filmograph;
Dan Mirea;unit operations;
Ioana Mititelu;assistant production coordinator;
Kristine Popovici;office production assistant;
Aurel Nicolae Radu;assistant accountant;
Olesea Railean;production accountant;
Adrian Sabau;production coordinator;
Iulia Anamaria Sima;contracts coordinator;
Daniela Soare;production assistant;
Adam M. Stone;product placement coordinator;
Cat Stone;product placement coordinator;
Georgiana Tamaga;travel coordinator;
Logi Thorvaldsson;actor;s assistant;
Toria Turner;executive assistant;
Tony Wright;international liaison;
Bianca Bumbacea;basecamp runner;
Lindsay Moffat;production accountant;
Gunnar Sizemore;adr voice actor;
Bacula Sorin;caterer;
Monica Adam;petty cash;
Liliana Chomsky;adr loop group;
Vanessa Coffey;intimacy coordinator;
Marius Florescu;covid supervisor;
Marilyn Lindsay;prep accountant;
Rhidian Bridge;covid supervisor;
Bianca Bumvacea;basecamp runner;
Luke Carroll;production secretary: additional photography;
Ahmed El-Gallad;writer;
Jorge Garcia Castro;consultant;
Adam Lannon;covid manager;
Sarah McGuinness;dialect coach: James Clay, Caroline Lawrie;
Annabel Wilkin;first assistant accountant: UK;
Eugene Shawn;assistant;
Ana Duarte;assistant to casting director;
Isaac Sunderland;covid coordinator;
Elizabeth Hart;cast extra;
Valeria Flores;cast extra;
Valeria Prince;cast extra;
Elizabeth Grecu;cast extra;
Harry Hart;cast extra;
Michael Dragu;cast extra;
Christopher Antoine;cast extra;
Evan Bliss;cast extra;
William Miro;cast extra;
Michael Prince;cast extra;
Cassidy Dragu;cast extra;
Christopher Dragu;cast extra;
Francesca Grecu;cast extra;
Claudia Antoine;cast extra;
Annabelle Grecu;cast extra;
Elizabeth Hart;cast extra;
Christopher Hart;cast extra;
Michael Flores;cast extra;
Elizabeth Sandro;cast extra;
Cassidy Prince;cast extra;
Harry Bliss;cast extra;
Clara Dragu;cast extra;
Emily Miro;cast extra;
Henry Grecu;cast extra;
Henry Voinea;cast extra;
Claudia Voinea;cast extra;
Claudia Prince;cast extra;
Emily Voinea;cast extra;
Valeria Prince;cast extra;
Annabelle Dragu;cast extra;
Valeria Grecu;cast extra;
Michael Sandro;cast extra;
Claudia Sandro;cast extra;
Claudia Flores;cast extra;
Emily Sandro;cast extra;
Annabelle Miro;cast extra;
Emily Prince;cast extra;
Annabelle Hart;cast extra;
Cassidy Prince;cast extra;
Michael Sandro;cast extra;
Valeria Grecu;cast extra;
Annabelle Prince;cast extra;
Harry Miro;cast extra;
Clara Dragu;cast extra;
Christopher Grecu;cast extra;
Henry Flores;cast extra;
Claudia Sandro;cast extra;
Cassidy Prince;cast extra;
Henry Prince;cast extra;
Henry Flores;cast extra;
Michael Prince;cast extra;
Emily Bliss;cast extra;
Michael Flores;cast extra;
Annabelle Hart;cast extra;
Annabelle Prince;cast extra;
Harry Dragu;cast extra;
Emily Bliss;cast extra;
Cassidy Hart;cast extra;
Emily Miro;cast extra;
Christopher Miro;cast extra;
Harry Grecu;cast extra;
Valeria Grecu;cast extra;
Elizabeth Antoine;cast extra;
William Antoine;cast extra;
Christopher Grecu;cast extra;
Elizabeth Bliss;cast extra;
Henry Bliss;cast extra;
Cassidy Antoine;cast extra;
Elizabeth Antoine;cast extra;
Evan Flores;cast extra;
Valeria Dragu;cast extra;
Kyle Flores;cast extra;
Evan Bliss;cast extra;
Harry Grecu;cast extra;
Harry Miro;cast extra;
Annabelle Sandro;cast extra;
Valeria Miro;cast extra;
Kyle Dragu;cast extra;
Emily Dragu;cast extra;
Christopher Bliss;cast extra;
Annabelle Prince;cast extra;
Claudia Miro;cast extra;
Valeria Prince;cast extra;
Henry Bliss;cast extra;
Harry Grecu;cast extra;
Emily Voinea;cast extra;
William Flores;cast extra;
Clara Sandro;cast extra;
William Sandro;cast extra;
William Dragu;cast extra;
Clara Voinea;cast extra;
Annabelle Bliss;cast extra;
Francesca Grecu;cast extra;
Francesca Bliss;cast extra;
Evan Dragu;cast extra;
Evan Antoine;cast extra;
Kyle Flores;cast extra;
Harry Grecu;cast extra;
Elizabeth Hart;cast extra;
Elizabeth Sandro;cast extra;
Kyle Sandro;cast extra;
Michael Hart;cast extra;
Cassidy Bliss;cast extra;
Henry Bliss;cast extra;
Kyle Voinea;cast extra;
Emily Dragu;cast extra;
Clara Bliss;cast extra;
Valeria Voinea;cast extra;
Claudia Dragu;cast extra;
Kyle Antoine;cast extra;
Christopher Hart;cast extra;
Annabelle Voinea;cast extra;
William Prince;cast extra;
Cassidy Antoine;cast extra;
Francesca Dragu;cast extra;
Elizabeth Flores;cast extra;
Christopher Hart;cast extra;
Emily Sandro;cast extra;
Emily Antoine;cast extra;
Clara Miro;cast extra;
Clara Voinea;cast extra;
Clara Antoine;cast extra;
Valeria Prince;cast extra;
Annabelle Bliss;cast extra;
Harry Antoine;cast extra;
Evan Hart;cast extra;
Annabelle Bliss;cast extra;
William Sandro;cast extra;
Valeria Flores;cast extra;
Elizabeth Voinea;cast extra;
Valeria Miro;cast extra;
Clara Grecu;cast extra;
